nutrition_id,ingredient_id,ingredient_name,representative_food_name,standard_amount,energy_kcal,water_g,protein_g,fat_g,ash_g,carbohydrate_g,sugar_g,fiber_g,calcium_mg,iron_mg,phosphorus_mg,potassium_mg,sodium_mg,cholesterol_mg,saturated_fat_g,trans_fat_g
nutrition_0001,ingredient_0001,갓김치,김치,100g,37.00,86.4,3.26,0.4,2.87,7.07,2.46,3.0,103.000,0.83,49.0,328.000,720.000,0.0,0.0,0.08
nutrition_0002,ingredient_0002,고추장아찌,고추장아찌,100g,124.000,59.7,2.39,0.63,5.79,31.49,11.38,4.8,16.00,1.1,34.0,209.000,"2,026.000",0.0,0.0,0.11
nutrition_0003,ingredient_0003,깍두기,김치,100g,38.00,88.9,1.43,0.19,1.94,7.54,3.55,4.3,41.00,0.33,25.0,249.000,501.000,0.82,0.0,0.0
nutrition_0004,ingredient_0004,깻잎장아찌,깻잎장아찌,100mL,65.00,49.4,3.7,0.72,,12.9,5.28,3.9,154.000,1.28,70.0,327.000,520.000,0.0,0.0,0.15
nutrition_0005,ingredient_0005,낫또,나토,100g,188.000,,14.0,9.0,,12.0,1.0,,,,,,310.000,,0.0,1.0
nutrition_0006,ingredient_0006,단무지,단무지,100g,13.00,95.6,0.33,0.2,1.53,2.4,0.47,1.3,11.00,0.1,11.0,49.00,552.000,0.0,0.0,0.03
nutrition_0007,ingredient_0007,더덕장아찌,더덕장아찌,100g,141.000,62.0,4.47,0.89,3.77,28.9,15.38,5.7,38.00,1.1,134.0,320.000,"1,167.000",0.0,0.0,0.23
nutrition_0008,ingredient_0008,레몬청,액상차,100g,260.000,,0.0,0.0,,65.0,60.0,,,,,,0.00,,0.0,0.0
nutrition_0009,ingredient_0009,마늘장아찌,마늘장아찌,100g,113.000,68.8,2.43,0.16,3.25,25.36,15.03,2.9,7.00,0.37,29.0,69.00,"1,127.000",0.0,0.0,0.04
nutrition_0010,ingredient_0010,마늘쫑장아찌,마늘쫑장아찌,100g,118.000,66.5,1.96,0.14,4.06,27.34,13.02,5.2,21.00,0.61,19.0,105.000,"1,410.000",0.0,0.0,0.04
nutrition_0011,ingredient_0011,매실장아찌,매실장아찌,100g,243.000,36.5,1.65,0.43,3.35,58.11,38.16,3.9,30.00,0.0,35.0,232.000,"1,126.000",,0.0,0.08
nutrition_0012,ingredient_0012,매실청,농축음료/베이스,100mL,213.000,46.7,0.23,0.18,0.2,52.72,44.06,0.3,4.00,0.11,7.0,104.000,1.00,,0.0,0.01
nutrition_0013,ingredient_0013,명란젓,명태,100g,132,64.6,20.17,1.21,5.23,8.75,,,58,1.04,326.0,162,1774,210.82,0.44,0.0
nutrition_0014,ingredient_0014,무말랭이,김치,100g,131.000,63.9,2.25,0.61,4.0,29.24,16.75,7.6,87.00,1.83,43.0,266.000,"1,073.000",0.0,0.0,0.0
nutrition_0015,ingredient_0015,무장아찌,무장아찌,100g,80.00,73.3,1.47,0.76,7.7,16.76,9.62,2.4,28.00,0.01,24.0,185.000,"2,933.000",,0.13,0.04
nutrition_0016,ingredient_0016,묵은지,배추김치,100g,30.00,,1.0,0.9,,5.0,0.75,,,,,,920.000,,0.0,0.0
nutrition_0017,ingredient_0017,배추김치,배추김치,100g,38.00,88.9,1.98,0.43,2.21,6.49,2.4,2.5,43.00,0.43,49.0,334.000,551.000,0.0,0.0,0.07
nutrition_0018,ingredient_0018,블랙올리브,올리브 피클,100g,121,81.6,0.8,12.3,1.9,3.4,,2.5,68,0.8,5.0,10,640,,2.07,
nutrition_0019,ingredient_0019,생강청,과·채당절임,100g,246.000,39.1,0.1,0.65,0.2,59.9,57.61,,8.00,0.1,2.0,48.00,47.00,,0.0,0.01
nutrition_0020,ingredient_0020,쌈무,쌈무,100g,15.00,95.0,0.54,0.03,1.33,3.1,1.46,2.3,16.00,0.16,10.0,138.000,400.000,0.0,0.0,0.01
nutrition_0021,ingredient_0021,양파장아찌,양파장아찌,100mL,63.00,69.2,0.6,0.03,,16.05,15.42,1.0,17.00,0.17,18.0,112.000,"6,050.000",0.0,0.0,0.01
nutrition_0022,ingredient_0022,열무김치,김치,100g,32.00,90.1,2.4,0.29,2.22,4.99,0.48,3.2,134.000,0.68,42.0,349.000,510.000,1.6,0.0,0.0
nutrition_0023,ingredient_0023,염장새우,젓갈/액젓,100g,69.00,,7.1,1.8,,6.0,0.5,,,,,,"7,402.000",,69.8,0.3
nutrition_0024,ingredient_0024,오이장아찌,오이장아찌,100g,14.00,94.8,0.36,0.28,2.02,2.54,1.04,2.3,21.00,0.38,8.0,18.00,740.000,0.0,0.0,0.04
nutrition_0025,ingredient_0025,유자청,액상차,100g,251.000,37.2,0.39,0.1,0.26,62.03,58.81,2.0,24.00,0.08,8.0,74.00,10.00,0.0,0.0,0.01
nutrition_0026,ingredient_0026,총각김치,김치,100g,41.00,87.5,2.02,0.2,2.39,7.89,2.68,3.1,42.00,0.67,46.0,364.000,692.000,1.65,0.0,0.0
nutrition_0027,ingredient_0027,케이퍼,절임식품,100g,19.00,,1.39,0.56,,3.06,0.56,1.7,,,,,945.000,,0.0,0.0
nutrition_0028,ingredient_0028,파김치,김치,100g,49.00,86.0,2.5,0.58,2.41,8.51,2.8,4.6,60.00,0.73,41.0,282.000,655.000,2.22,0.0,0.0
nutrition_0029,ingredient_0029,피클,단무지/피클,100g,65.00,71.6,0.5,0.0,2.83,15.0,13.0,2.1,51.00,0.25,5.0,36.00,560.000,0.0,0.0,0.0
nutrition_0030,ingredient_0030,할라피뇨,절임식품,100g,10.00,,1.1,0.0,,1.5,0.7,,,,,,560.000,,0.0,0.0
nutrition_0031,ingredient_0031,곤약면,묵,100g,10.00,,0.0,0.0,,3.0,0.0,,,,,,0.00,,0.0,0.0
nutrition_0032,ingredient_0032,당면,당면,100g,345.000,10.7,0.0,0.0,0.4,86.0,0.0,1.7,98.00,4.69,15.0,2.00,130.000,0.06,0.0,0.0
nutrition_0033,ingredient_0033,떡,떡,100g,213.000,46.4,3.71,0.37,0.72,48.8,0.09,0.7,10.00,0.14,36.0,29.00,261.000,0.0,0.0,0.16
nutrition_0034,ingredient_0034,또띠아,또띠아,100g,303.000,31.5,8.25,6.89,1.27,52.1,2.29,,14.00,0.55,75.0,95.00,421.000,0.0,0.0,1.75
nutrition_0035,ingredient_0035,마카로니,파스타,100g,380.0,10.7,12.98,1.53,0.71,74.13,2.05,2.7,24.0,1.8,167.0,195.0,7.0,0.0,0.0,0.36
nutrition_0036,ingredient_0036,만두,만두,100g,159.000,64.8,12.38,4.45,1.02,17.4,0.16,2.3,20.00,1.03,117.0,186.000,206.000,0.0,19.91,0.61
nutrition_0037,ingredient_0037,만두피,만두피,100g,260.000,,9.33,0.87,,54.0,2.67,,,,,,120.000,,,0.0
nutrition_0038,ingredient_0038,모닝빵,모닝빵,100g,314.000,29.3,9.5,7.43,1.59,52.17,7.97,2.4,30.00,0.56,98.0,115.000,489.000,0.0,40.54,3.03
nutrition_0039,ingredient_0039,바게트빵,바게트/치아바타,100g,297.000,,11.0,3.3,,55.5,1.9,,,,,,502.000,,2.9,2.1
nutrition_0040,ingredient_0040,소면,국수,100g,360.000,,10.0,1.0,,77.0,4.0,,,,,,930.000,,0.0,0.3
nutrition_0041,ingredient_0041,식빵,식빵,100g,264.000,35.2,9.34,2.6,1.97,50.91,1.56,3.5,219.000,0.76,117.0,129.000,468.000,0.0,5.57,1.47
nutrition_0042,ingredient_0042,우동사리,우동면,100g,270.000,,6.0,1.1,,59.0,1.0,,,,,,810.000,,0.0,0.2
nutrition_0043,ingredient_0043,중화면,국수,100g,287.000,,5.0,1.0,,75.0,2.0,,,,,,538.000,,0.0,0.6
nutrition_0044,ingredient_0044,쫄면,쫄면,100g,129.000,70.0,3.21,2.52,0.99,23.26,3.51,1.6,23.00,0.34,43.0,130.000,250.000,0.0,0.0,0.22
nutrition_0045,ingredient_0045,칼국수면,칼국수,100g,272.000,,7.22,0.83,,58.89,2.78,,,,,,494.000,,0.0,0.0
nutrition_0046,ingredient_0046,파스타,파스타,100g,380.000,10.7,12.98,1.53,0.71,74.13,2.05,2.7,24.00,1.8,167.0,195.000,7.00,0.0,0.0,0.36
nutrition_0047,ingredient_0047,호밀빵,호밀빵,100g,273.000,,5.91,,,,19.09,,,,,,215.000,,,0.18
nutrition_0048,ingredient_0048,겨자페이스트,기타 소스류,100g,296.000,37.0,8.01,12.7,4.93,37.36,19.5,19.4,101.000,2.05,211.0,223.000,"1,423.000",,0.0,1.59
nutrition_0049,ingredient_0049,굴소스,소스/드레싱,100g,153.000,32.9,0.0,0.0,12.48,38.67,38.67,0.0,12.00,0.26,56.0,138.000,"4,600.000",0.0,0.0,0.0
nutrition_0050,ingredient_0050,냉면육수,소스/드레싱,100g,24.00,40.7,0.17,0.0,15.84,5.52,5.17,0.3,0.00,0.0,8.0,115.000,634.000,0.0,0.0,0.0
nutrition_0051,ingredient_0051,다대기,기타 소스류,100g,200.000,,0.0,0.0,,50.0,10.0,,,,,,300.000,,0.0,0.0
nutrition_0052,ingredient_0052,다시다,복합조미식품,100g,190.000,,22.5,0.0,,24.6,7.0,,,,,,"18,505.000",,0.0,0.0
nutrition_0053,ingredient_0053,돈가스소스,소스/드레싱,100g,117.000,62.1,1.0,1.0,4.74,26.0,23.0,0.0,12.00,0.21,14.0,161.000,940.000,0.6,0.0,2.5
nutrition_0054,ingredient_0054,마요네즈,마요네즈,100g,730.000,18.6,1.0,80.0,1.48,1.0,1.0,0.6,14.00,0.41,40.0,24.00,510.000,0.0,55.0,14.0
nutrition_0055,ingredient_0055,바베큐소스,기타 소스류,100g,65.00,,2.0,2.6,,9.0,7.0,,,,,,580.000,,5.0,0.8
nutrition_0056,ingredient_0056,불닭소스,소스/드레싱,100g,255.000,34.1,3.0,1.17,3.46,58.24,23.48,,,,,,995.000,,3.79,0.28
nutrition_0057,ingredient_0057,사골육수,기타 소스류,100g,11.00,,0.27,0.16,,2.1,1.52,,,,,,553.000,,0.0,0.02
nutrition_0058,ingredient_0058,스테이크소스,소스/드레싱,100g,85.00,77.8,3.0,0.0,2.5,18.0,10.0,2.0,18.00,0.47,60.0,189.000,950.000,0.01,,0.0
nutrition_0059,ingredient_0059,우스터소스,기타 소스류,100g,62.00,78.9,0.47,0.06,5.62,14.91,14.89,0.0,72.00,0.56,9.0,176.000,"1,971.000",0.0,0.0,0.01
nutrition_0060,ingredient_0060,짜장분말,복합조미식품,100g,339.0,,11.0,3.0,,67.0,28.0,,,,,,5730.0,,3.4,1.3
nutrition_0061,ingredient_0061,쯔란,분말스프,100g,480.000,,27.1,35.3,,13.7,6.8,,,,,,548.000,,58.52,13.0
nutrition_0062,ingredient_0062,치킨스톡,기타 소스류,100g,90.00,,2.0,3.0,,14.0,4.0,,,,,,"6,360.000",,5.0,0.9
nutrition_0063,ingredient_0063,칠리소스,소스/드레싱,100g,112.000,67.3,1.8,0.1,3.9,26.3,,1.9,27.00,0.9,32.0,500.000,"1,200.000",0.0,0.0,0.02
nutrition_0064,ingredient_0064,케첩,토마토케첩,100g,90.0,,1.0,0.0,,22.0,20.0,,,,,,1150.0,,0.0,0.0
nutrition_0065,ingredient_0065,토마토소스,소스/드레싱,100g,81.0,80.4,1.52,2.4,2.25,13.43,6.59,2.7,34.0,0.74,30.0,340.0,585.0,0.0,0.0,0.36
nutrition_0066,ingredient_0066,피자소스,기타 소스류,100g,100.000,,2.0,0.0,,23.0,12.0,,,,,,970.000,,0.0,0.0
nutrition_0067,ingredient_0067,핫소스,소스/드레싱,100g,47.00,86.3,1.44,0.63,2.85,8.8,5.72,0.0,17.00,0.52,34.0,273.000,989.000,26.56,0.0,0.0
nutrition_0068,ingredient_0068,들기름,들기름,100g,920.000,0.0,0.0,99.92,0.0,0.08,0.0,0.0,0.00,0.0,0.0,0.00,0.00,0.0,0.0,8.81
nutrition_0069,ingredient_0069,식용유,콩기름(대두유),100mL,828.000,,0.0,92.0,,0.0,0.0,,,,,,0.00,,0.0,15.0
nutrition_0070,ingredient_0070,올리브유,올리브유,100mL,900.000,,0.0,100.0,,0.0,0.0,,,,,,0.00,,0.0,15.0
nutrition_0071,ingredient_0071,참기름,참기름,100g,920.000,0.0,0.0,99.84,0.03,0.13,0.0,0.0,0.00,0.0,0.0,0.00,0.00,0.0,0.0,14.89
nutrition_0072,ingredient_0072,카놀라유,유채씨유/카놀라유,100g,900.000,,0.0,100.0,,0.0,0.0,,,,,,0.00,,0.0,8.0
nutrition_0073,ingredient_0073,포도씨유,식물성유지,100g,900.000,,0.0,100.0,,0.0,0.0,,,,,,0.00,,0.0,13.0
nutrition_0074,ingredient_0074,해바라기유,해바라기씨유,100mL,900.000,,0.0,100.0,,0.0,0.0,,,,,,0.00,,0.0,12.0
nutrition_0075,ingredient_0075,현미유,미강유(현미유),100mL,900.000,,0.0,100.0,,0.0,0.0,,,,,,0.00,,0.0,22.0
nutrition_0076,ingredient_0076,간장,간장,100mL,60.00,70.6,8.0,1.0,21.01,7.0,2.0,0.4,39.00,0.66,121.0,657.000,"7,480.000",0.0,0.0,0.0
nutrition_0077,ingredient_0077,강황가루,카레,100g,331.000,10.3,6.66,3.21,5.48,74.34,3.3,17.9,125.000,24.65,291.0,"2,415.000",19.00,0.0,0.0,1.9
nutrition_0078,ingredient_0078,계피가루,향신료,100g,35.00,,4.0,0.6,,4.0,0.0,,,,,,30.00,,0.0,0.2
nutrition_0079,ingredient_0079,고추장,고추장,100g,205.000,35.7,5.0,2.0,7.5,42.0,25.0,5.2,25.00,0.97,63.0,422.000,"2,760.000",0.0,0.0,0.0
nutrition_0080,ingredient_0080,고추플레이크,고춧가루,100g,304.0,,15.07,12.2,,51.71,10.96,,,,,,25.0,,0.0,1.89
nutrition_0081,ingredient_0081,고춧가루,고춧가루,100g,319.000,12.5,13.29,8.4,5.19,60.62,17.45,37.7,79.00,4.89,342.0,"2,541.000",13.00,0.0,0.0,1.48
nutrition_0082,ingredient_0082,꿀,꿀,100g,313,14.6,0.28,0.01,0.29,84.83,72.67,0.0,9,0.14,7.0,142,1,0.0,0.01,0.0
nutrition_0083,ingredient_0083,된장,된장,100g,180.000,47.8,13.0,6.0,12.28,18.0,18.0,10.3,79.00,2.07,218.0,539.000,"4,480.000",11.2,0.0,0.0
nutrition_0084,ingredient_0084,로즈마리,로즈마리,100g,331.000,9.31,4.88,15.22,6.53,64.06,,42.6,"1,280.000",29.25,70.0,955.000,50.00,0.0,0.0,7.37
nutrition_0085,ingredient_0085,물엿,물엿,100g,321.000,16.9,0.02,0.0,0.05,83.03,22.06,0.0,0.00,0.0,0.0,0.00,0.00,0.0,0.0,0.0
nutrition_0086,ingredient_0086,바질,바질,100g,32,90.1,2.43,0.71,1.22,5.56,0.8,2.6,238,0.64,69.0,340,3,0.0,0.08,0.0
nutrition_0087,ingredient_0087,생강가루,천연향신료,100g,367.000,6.8,12.55,3.29,5.6,71.74,2.27,0.1,118.000,15.52,210.0,"2,432.000",32.00,0.0,0.0,0.33
nutrition_0088,ingredient_0088,설탕,설탕,100g,386.000,0.2,0.09,0.0,0.11,99.58,95.95,0.0,15.00,0.33,2.0,8.00,2.00,0.0,0.0,0.0
nutrition_0089,ingredient_0089,식초,식초,100g,165.000,58.6,0.62,0.04,0.36,40.42,33.67,0.0,17.00,0.8,45.0,206.000,25.00,0.0,0.0,0.01
nutrition_0090,ingredient_0090,쌈장,쌈장,100mL,142.000,31.2,6.5,4.55,,20.13,8.46,5.2,54.00,1.31,107.0,360.000,"2,335.000",0.0,0.0,0.75
nutrition_0091,ingredient_0091,알룰로스,시럽,100g,12.00,,0.0,0.0,,72.0,0.0,,,,,,0.00,,0.0,0.0
nutrition_0092,ingredient_0092,애플민트,아이스밀크,100mL,109.000,,3.38,2.84,,17.58,13.05,,,,,,17.00,,31.84,1.83
nutrition_0093,ingredient_0093,양조간장,메주,100mL,79.00,,7.0,0.5,,12.0,12.0,,,,,,"6,270.000",,0.0,0.5
nutrition_0094,ingredient_0094,오레가노,오레가노,100g,265.000,9.93,9.0,4.28,7.87,68.92,4.09,42.5,"1,597.000",36.8,148.0,"1,260.000",25.00,0.0,0.0,1.55
nutrition_0095,ingredient_0095,올리고당,당류가공품,100g,310.000,,0.0,1.3,,80.0,34.0,11.0,,,,,20.00,,,0.0
nutrition_0096,ingredient_0096,와사비,향신료,100g,"1,950.000",,18.0,59.0,,337.0,38.0,,,,,,"6,320.000",,10.0,4.5
nutrition_0097,ingredient_0097,월계수잎,월계수,100g,313.000,5.44,7.61,8.36,3.62,74.97,,26.3,834.000,43.0,113.0,529.000,23.00,0.0,0.0,2.28
nutrition_0098,ingredient_0098,조청,물엿,100g,326.000,10.9,0.53,0.24,0.43,87.9,49.91,0.0,52.00,0.15,37.0,127.000,21.00,0.0,0.0,0.0
nutrition_0099,ingredient_0099,천일염,소금,100g,20.00,3.2,0.03,0.0,91.81,4.95,0.0,0.0,128.000,0.69,0.0,437.000,"33,811.000",0.0,0.0,0.0
nutrition_0100,ingredient_0100,청국장,청국장,100g,221.000,51.6,20.79,9.61,5.19,12.8,1.86,,137.000,4.63,410.0,965.000,"1,135.000",,0.0,1.45
nutrition_0101,ingredient_0101,초고추장,혼합장,100g,205.0,35.5,4.0,1.5,5.76,44.0,35.0,2.4,19.0,1.27,82.0,247.0,1650.0,0.0,0.0,0.0
nutrition_0102,ingredient_0102,춘장,춘장,100g,155.000,44.0,8.0,1.3,9.58,28.0,16.0,7.9,54.00,1.78,156.0,384.000,"5,190.000",0.0,0.0,0.0
nutrition_0103,ingredient_0103,타임,타임,100g,342.000,9.8,6.5,5.2,8.7,69.8,,,"1,700.000",110.0,85.0,980.000,13.00,0.0,0.0,1.91
nutrition_0104,ingredient_0104,파슬리,파슬리,100g,20.00,92.6,2.36,0.26,1.45,3.37,0.44,2.2,149.000,2.8,56.0,638.000,10.00,0.0,0.0,0.06
nutrition_0105,ingredient_0105,홀그레인,향신료,100g,160.000,,8.0,11.0,,3.0,2.0,,,,,,"2,170.000",,5.0,0.7
nutrition_0106,ingredient_0106,후추,후추,100g,362.000,11.5,12.87,5.0,4.34,66.33,0.65,25.6,391.000,12.97,151.0,"1,366.000",6.00,0.0,0.0,0.18
nutrition_0107,ingredient_0107,두유,두유,100mL,47.00,89.0,2.11,2.11,0.63,5.26,4.21,0.9,105.000,0.56,45.0,152.000,61.00,9.79,1.58,0.0
nutrition_0108,ingredient_0108,레몬즙,과·채주스,100mL,35.00,,0.2,0.1,,8.3,2.9,,,,,,2.00,,0.0,0.0
nutrition_0109,ingredient_0109,맥주,맥주,100g,45.00,91.6,0.4,0.0,0.2,3.6,,0.2,3.00,0.1,33.0,55.00,3.00,0.0,0.0,0.0
nutrition_0110,ingredient_0110,배즙,액상차,100mL,48.00,,0.0,0.0,,12.0,6.0,,,,,,0.00,,0.0,0.0
nutrition_0111,ingredient_0111,사과즙,과·채주스,100mL,63.00,,0.45,0.0,,13.64,13.18,,,,,,0.00,,0.0,0.0
nutrition_0112,ingredient_0112,사이다,탄산음료,100mL,43.00,90.0,0.0,0.0,0.02,10.8,10.8,0.0,2.00,0.01,0.0,0.00,2.00,0.0,0.0,0.0
nutrition_0113,ingredient_0113,생강즙,과·채주스,100mL,6.00,,0.1,0.1,,1.2,0.5,,,,,,3.00,,0.0,0.0
nutrition_0114,ingredient_0114,소주,소주,100g,172.000,75.7,0.01,0.02,0.03,0.0,0.0,0.0,0.00,0.0,0.0,0.00,1.00,0.0,0.0,0.0
nutrition_0115,ingredient_0115,청주,청주,100g,132.000,79.9,0.41,0.0,0.05,4.24,3.11,0.0,4.00,0.02,9.0,9.00,3.00,0.0,0.0,0.0
nutrition_0116,ingredient_0116,커피분말,원두/원두분말,100g,400.0,,15.0,15.0,,60.0,10.0,,2.0,,1.0,65.0,1.0,,0.0,0.0
nutrition_0117,ingredient_0117,콜라,탄산음료,100mL,38.00,90.5,0.0,0.0,0.04,9.46,9.03,0.0,1.00,0.02,16.0,2.00,2.00,,0.0,0.0
nutrition_0118,ingredient_0118,탄산수,탄산수,100g,0.00,100.0,0.0,0.0,0.0,0.04,0.0,0.0,1.00,0.0,0.0,0.00,1.00,,0.0,0.0
nutrition_0119,ingredient_0119,화이트와인,,100g,237.000,66.1,0.0,0.0,0.0,0.1,,0.0,0.00,0.0,0.0,0.00,3.00,0.0,0.0,
nutrition_0120,ingredient_0120,곤약,묵,100g,10.00,,0.0,0.0,,3.0,0.0,,,,,,0.00,,0.0,0.0
nutrition_0121,ingredient_0121,그래놀라,시리얼,100g,391.000,,10.45,25.91,,29.09,7.73,,,,,,69.00,,0.0,0.45
nutrition_0122,ingredient_0122,녹말,전분,100g,334.000,17.0,0.07,0.02,0.21,82.7,0.05,0.0,4.00,0.09,57.0,44.00,22.00,0.0,0.0,0.01
nutrition_0123,ingredient_0123,도토리묵,도토리묵,100g,47.00,88.1,0.33,0.11,0.19,11.23,0.0,,15.00,0.23,3.0,12.00,76.00,0.0,0.0,0.03
nutrition_0124,ingredient_0124,두부,두부,100g,97.00,81.2,9.62,4.63,0.8,3.75,0.0,2.9,64.00,1.54,158.0,132.000,1.00,0.0,0.0,0.7
nutrition_0125,ingredient_0125,들깨가루,기타 농산가공품,100g,894.000,,0.0,99.0,,1.0,0.0,,,,,,0.00,,0.0,11.0
nutrition_0126,ingredient_0126,땅콩버터,땅콩버터,100g,611.000,,22.0,47.0,,25.0,12.5,,,,,,390.000,,0.0,8.0
nutrition_0127,ingredient_0127,메밀가루,기타 농산가공품,100g,363.000,,12.0,3.0,,72.0,0.0,,,,,,0.00,,0.0,0.0
nutrition_0128,ingredient_0128,미숫가루,보리,100g,412,1.8,14.36,5.3,1.82,76.69,1.16,12.8,61,4.04,343.0,552,5,0.0,1.06,0.02
nutrition_0129,ingredient_0129,밀가루,밀가루,100g,355.000,,13.0,1.7,,72.0,2.37,,,,,,1.00,,0.0,0.57
nutrition_0130,ingredient_0130,부침가루,부침가루/튀김가루/믹스,100g,350.000,11.5,9.0,1.3,2.2,75.0,4.0,2.5,32.00,0.58,154.0,140.000,910.000,0.01,0.0,0.0
nutrition_0131,ingredient_0131,빵가루,빵가루,100g,392.000,7.8,11.95,2.05,1.16,77.04,4.74,4.2,21.00,0.77,105.0,134.000,306.000,0.0,0.0,0.76
nutrition_0132,ingredient_0132,스위트콘,기타 농산가공품,100g,80.00,,2.0,1.7,,13.0,5.0,2.0,,,,,213.000,,0.0,0.0
nutrition_0133,ingredient_0133,앙금,기타 조림,100g,268.000,,5.0,0.4,,61.0,8.0,,,,,,53.00,,0.0,0.1
nutrition_0134,ingredient_0134,옥수수전분,기타 농산가공품,100g,370.000,,0.0,0.8,,90.0,0.0,,,,,,5.00,,0.0,0.0
nutrition_0135,ingredient_0135,유부,유부,100g,450.000,29.3,26.11,34.23,2.44,7.93,0.42,1.5,584.000,4.6,413.0,128.000,7.00,,0.0,5.34
nutrition_0136,ingredient_0136,잼,잼,100g,225.000,42.8,0.3,0.1,1.1,55.7,,,5.00,0.7,6.0,123.000,13.00,,,
nutrition_0137,ingredient_0137,중력분,밀가루,100g,355.000,,13.0,1.7,,72.0,2.37,,,,,,1.00,,0.0,0.57
nutrition_0138,ingredient_0138,찹쌀가루,기타 농산가공품,100g,347.000,,5.0,1.2,,79.0,0.0,,,,,,0.00,,0.0,0.0
nutrition_0139,ingredient_0139,콩가루,두류가공품,100g,458.000,,40.0,19.0,,32.0,0.32,,,,,,12.00,,0.0,0.0
nutrition_0140,ingredient_0140,튀김가루,부침가루/튀김가루/믹스,100g,350.000,10.7,7.0,1.3,2.87,77.0,1.0,2.2,72.00,0.89,330.0,137.000,690.000,0.0,0.0,0.0
nutrition_0141,ingredient_0141,감자,감자,100g,70,81.1,1.93,0.03,0.87,16.07,0.0,1.7,6,0.4,62.0,335,1,0.0,0.02,0.0
nutrition_0142,ingredient_0142,고구마,고구마,100g,154,60.6,1.01,0.11,1.09,37.22,9.83,2.7,15,0.45,49.0,370,7,0.0,0.05,0.0
nutrition_0143,ingredient_0143,귀리,귀리,100g,197.000,55.5,5.01,4.7,0.72,34.08,0.4,4.9,26.00,2.6,172.0,195.000,1.00,0.0,0.0,0.77
nutrition_0144,ingredient_0144,기장,기장,100g,136.000,67.5,4.76,1.24,0.48,25.99,0.22,2.1,5.00,1.39,107.0,83.00,1.00,0.0,0.0,0.2
nutrition_0145,ingredient_0145,메밀,메밀,100g,363.000,13.1,13.64,3.38,2.04,67.84,0.3,6.3,21.00,2.78,453.0,444.000,1.00,0.0,0.0,0.71
nutrition_0146,ingredient_0146,보리,보리,100g,357.000,9.5,11.16,1.83,1.03,76.48,0.3,12.8,35.00,2.44,209.0,287.000,20.00,0.0,0.0,0.56
nutrition_0147,ingredient_0147,수수,수수,100g,374.000,10.2,11.67,3.01,1.51,73.63,0.46,,8.00,2.84,302.0,367.000,6.00,0.0,0.0,0.44
nutrition_0148,ingredient_0148,쌀,멥쌀,100g,366.0,13.0,6.81,1.05,0.4,78.74,0.5,1.9,7.0,0.24,101.0,88.0,2.0,0.0,0.0,0.3
nutrition_0149,ingredient_0149,오곡,강냉이/팝콘,100g,402.000,,8.55,3.35,,84.53,0.56,,,,,,97.00,,0.0,0.59
nutrition_0150,ingredient_0150,오트밀,비스킷/쿠키/크래커,100g,510.000,,5.91,24.43,,66.52,24.78,,,,,,39.00,,0.43,19.22
nutrition_0151,ingredient_0151,옥수수,옥수수,100g,118,70.4,4.01,1.5,0.73,23.39,4.91,3.1,3,0.75,105.0,261,0,0.0,0.25,0.01
nutrition_0152,ingredient_0152,율무,율무,100g,172.000,59.7,7.1,2.35,0.53,30.34,0.15,1.9,6.00,2.45,169.0,105.000,2.00,0.0,0.0,0.32
nutrition_0153,ingredient_0153,조,조,100g,373.000,11.2,11.48,3.91,1.68,71.7,0.71,6.0,23.00,3.45,335.0,304.000,6.00,0.0,0.0,0.69
nutrition_0154,ingredient_0154,찹쌀,찹쌀,100g,361.000,13.1,7.09,1.0,1.48,77.37,0.09,1.2,586.000,1.45,114.0,112.000,17.00,0.0,0.0,0.25
nutrition_0155,ingredient_0155,현미,멥쌀,100g,357.0,13.3,7.33,2.23,1.25,75.92,1.18,3.9,14.0,1.05,295.0,248.0,3.0,0.0,0.0,0.55
nutrition_0156,ingredient_0156,흑미,멥쌀,100g,357.000,13.3,7.7,2.21,1.27,75.56,0.94,7.3,17.00,0.91,309.0,284.000,2.00,0.0,0.0,0.5
nutrition_0157,ingredient_0157,건대추,대추,100g,105.000,70.2,1.45,0.1,0.69,27.56,24.34,3.0,14.00,0.28,42.0,310.000,1.00,0.0,0.0,0.03
nutrition_0158,ingredient_0158,건살구,과일가공품,100g,525.000,,5.0,0.6,,125.0,80.0,,,,,,30.00,,0.0,0.4
nutrition_0159,ingredient_0159,건포도,과일가공품,100g,330.000,,3.0,1.0,,77.0,64.0,,,,,,25.00,,0.0,0.0
nutrition_0160,ingredient_0160,귤,귤,100g,39.0,89.1,0.53,0.1,0.19,10.04,7.99,1.6,13.0,0.12,12.0,101.0,2.0,0.0,0.0,0.02
nutrition_0161,ingredient_0161,단감,감,100g,57,84.1,0.38,0.12,0.32,15.13,11.42,1.9,8,0.08,19.0,157,1,0.0,0.02,0.0
nutrition_0162,ingredient_0162,대추,대추,100g,105.000,70.2,1.45,0.1,0.69,27.56,24.34,3.0,14.00,0.28,42.0,310.000,1.00,0.0,0.0,0.03
nutrition_0163,ingredient_0163,딸기,딸기,100g,34.00,90.1,0.88,0.14,0.45,8.41,6.11,1.6,12.00,0.24,31.0,199.000,1.00,0.0,0.0,0.02
nutrition_0164,ingredient_0164,라임,라임,100g,30.00,88.26,0.7,0.2,0.3,10.54,1.69,2.8,33.00,0.6,18.0,102.000,2.00,0.0,0.0,0.02
nutrition_0165,ingredient_0165,레몬,레몬,100g,36.0,89.6,0.71,0.08,0.31,9.27,1.87,1.1,32.0,0.1,22.0,122.0,2.0,0.0,0.0,0.02
nutrition_0166,ingredient_0166,망고,망고,100g,59.00,83.5,0.73,0.12,0.32,15.36,13.65,1.5,7.00,0.24,16.0,142.000,0.00,0.0,0.0,0.03
nutrition_0167,ingredient_0167,매실,매실,100g,41.00,89.4,1.1,1.1,0.6,7.8,,,28.00,3.7,24.0,301.000,3.00,,,
nutrition_0168,ingredient_0168,멜론,멜론,100g,21.00,94.0,0.5,0.1,0.3,5.1,,1.2,9.00,0.4,8.0,137.000,13.00,,,
nutrition_0169,ingredient_0169,모과,모과,100g,78.00,78.3,0.7,0.4,0.6,20.0,,,21.00,0.5,18.0,247.000,2.00,,,
nutrition_0170,ingredient_0170,무화과,무화과,100g,47.00,86.5,0.79,0.15,0.44,12.12,10.59,1.3,41.00,0.33,19.0,176.000,0.00,0.0,0.0,0.03
nutrition_0171,ingredient_0171,바나나,바나나,100g,77.00,78.0,1.11,0.2,0.68,20.0,14.4,2.2,6.00,0.25,23.0,355.000,0.00,0.0,0.0,0.05
nutrition_0172,ingredient_0172,배,배,100g,45.00,86.9,0.29,0.04,0.52,12.24,8.3,1.1,2.00,0.06,13.0,124.000,0.00,0.0,0.0,0.01
nutrition_0173,ingredient_0173,복숭아,복숭아,100g,49.00,85.8,0.59,0.04,0.47,13.1,9.45,2.6,4.00,0.11,24.0,216.000,0.00,0.0,0.0,0.02
nutrition_0174,ingredient_0174,블루베리,블루베리,100g,43.00,88.1,0.5,0.12,0.16,11.11,7.86,2.4,9.00,0.23,12.0,70.00,0.00,0.0,0.0,0.02
nutrition_0175,ingredient_0175,사과,사과,100g,52.00,85.5,0.26,0.07,0.22,13.96,10.62,1.8,3.00,0.11,10.0,116.000,0.00,0.0,0.0,0.01
nutrition_0176,ingredient_0176,산딸기,산딸기,100g,55.00,84.5,1.35,0.22,0.38,13.55,7.8,6.9,29.00,0.34,33.0,154.000,0.00,0.0,0.0,0.04
nutrition_0177,ingredient_0177,석류,석류,100g,77.00,78.3,0.29,0.2,0.5,20.71,9.94,5.8,6.00,0.26,39.0,242.000,1.00,0.0,0.0,0.05
nutrition_0178,ingredient_0178,수박,수박,100g,31.00,91.1,0.79,0.05,0.23,7.83,5.06,0.2,6.00,0.18,12.0,109.000,0.00,0.0,0.0,0.02
nutrition_0179,ingredient_0179,아보카도,아보카도,100g,160.000,73.23,2.0,14.66,1.58,8.53,0.66,6.7,12.00,0.55,52.0,485.000,7.00,0.0,0.0,2.13
nutrition_0180,ingredient_0180,오디,오디,100g,56.00,84.3,0.8,0.4,0.5,14.0,,,36.00,0.7,33.0,272.000,1.00,,,
nutrition_0181,ingredient_0181,오렌지,오렌지,100g,47.0,86.5,1.15,0.11,0.4,11.86,9.16,1.3,44.0,0.17,23.0,152.0,2.0,0.0,0.0,0.01
nutrition_0182,ingredient_0182,자두,자두,100g,26.00,93.2,0.5,0.6,0.4,5.3,,,3.00,0.2,12.0,164.000,1.00,,,
nutrition_0183,ingredient_0183,자몽,액상차,100g,221.000,,0.52,0.19,,55.33,50.23,,,,,,0.00,,0.0,0.01
nutrition_0184,ingredient_0184,참외,참외,100g,40,88.1,0.59,0.04,0.74,10.49,8.82,1.1,5,0.16,26.0,388,2,0.0,0.01,0.0
nutrition_0185,ingredient_0185,청포도,포도,100g,47.0,86.8,0.41,0.03,0.13,12.63,7.94,0.6,4.0,0.07,11.0,79.0,0.0,0.0,0.0,0.01
nutrition_0186,ingredient_0186,체리,체리,100g,57.00,83.6,1.36,0.15,0.58,14.35,8.01,2.3,11.00,0.63,25.0,231.000,1.00,0.0,0.0,0.02
nutrition_0187,ingredient_0187,크랜베리,크랜베리,100g,46.00,87.32,0.46,0.13,0.12,11.97,4.27,3.6,8.00,0.23,11.0,80.00,2.00,0.0,0.0,0.01
nutrition_0188,ingredient_0188,키위,키위,100g,54.00,84.6,0.77,0.26,0.64,13.73,7.07,2.0,19.00,1.72,27.0,262.000,1.00,0.0,0.0,0.03
nutrition_0189,ingredient_0189,파인애플,파인애플,100g,53.00,85.1,0.48,0.06,0.3,14.05,10.92,1.3,13.00,0.14,6.0,113.000,0.00,0.0,0.0,0.01
nutrition_0190,ingredient_0190,포도,포도,100g,297.000,16.3,2.64,0.53,1.64,78.89,66.71,4.5,72.00,1.44,113.0,682.000,27.00,0.0,0.0,0.1
nutrition_0191,ingredient_0191,고사리,고사리,100g,22.00,92.3,2.9,0.17,0.83,3.8,0.2,3.4,9.00,0.88,67.0,305.000,0.00,0.0,0.0,0.1
nutrition_0192,ingredient_0192,곤드레,고려엉겅퀴(곤드레),100g,32,90.6,3.47,1.38,1.26,3.29,0.35,,269,2.04,26.0,312,0,0.0,0.07,0.0
nutrition_0193,ingredient_0193,삼나물,삼나물,100g,293.000,7.5,22.8,2.2,6.2,61.3,,,25.00,2.4,586.0,,,,,
nutrition_0194,ingredient_0194,시래기,무시래기,100g,27,92.0,1.81,0.39,0.47,5.34,0.04,4.9,114,1.74,15.0,124,3,0.0,0.06,0.0
nutrition_0195,ingredient_0195,무순,무순,100g,20.00,94.8,1.89,1.01,0.44,1.82,0.67,1.7,36.00,0.3,52.0,55.00,15.00,0.0,0.0,0.09
nutrition_0196,ingredient_0196,새싹,비타민채(다채),100g,15.00,94.5,2.26,0.5,1.27,1.44,0.0,0.9,142.000,9.74,53.0,391.000,31.00,0.0,0.0,0.03
nutrition_0197,ingredient_0197,견과류,견과류,100g,703.000,2.8,14.9,69.1,3.6,9.6,2.3,7.2,200.000,2.6,680.0,620.000,78.00,0.0,0.0,15.81
nutrition_0198,ingredient_0198,녹두,녹두,100g,352.000,9.4,24.51,1.52,4.42,60.15,0.0,22.4,100.000,4.11,441.0,"1,420.000",1.00,0.0,0.0,0.55
nutrition_0199,ingredient_0199,도토리,도토리,100g,230.000,44.9,4.4,3.0,1.1,46.7,,,16.00,0.6,84.0,,,,,
nutrition_0200,ingredient_0200,들깨,들깨,100g,530.000,4.6,22.68,39.74,3.72,29.26,1.46,22.0,391.000,7.74,716.0,583.000,1.00,0.0,0.0,2.94
nutrition_0201,ingredient_0201,땅콩,땅콩,100g,520.000,10.8,25.74,42.57,2.53,18.36,4.4,13.4,67.00,3.07,425.0,746.000,5.00,0.0,0.0,8.04
nutrition_0202,ingredient_0202,밤,밤,100g,153.000,61.5,3.16,0.74,1.12,33.46,6.3,6.0,21.00,0.91,69.0,442.000,1.00,0.0,0.0,0.12
nutrition_0203,ingredient_0203,은행,은행,100g,203.000,49.6,4.69,1.53,1.4,42.78,2.95,2.2,7.00,0.9,161.0,684.000,1.00,0.0,0.0,0.15
nutrition_0204,ingredient_0204,참깨,참깨,100g,549.000,2.7,20.85,44.12,5.88,26.45,0.0,22.4,"1,146.000",5.8,746.0,530.000,0.00,0.0,0.0,6.06
nutrition_0205,ingredient_0205,콩,콩(대두),100g,409.0,11.2,36.21,14.71,4.89,32.99,6.64,25.6,260.0,6.66,660.0,1838.0,2.0,0.0,0.0,2.07
nutrition_0206,ingredient_0206,팥,팥,100g,330.000,16.1,20.63,0.96,3.54,58.72,0.43,15.8,72.00,4.81,394.0,"1,181.000",10.00,0.0,0.0,0.27
nutrition_0207,ingredient_0207,느타리버섯,느타리버섯,100g,15,91.9,2.6,0.14,0.67,4.7,0.74,2.9,,0.78,100.0,256,2,0.0,0.03,0.0
nutrition_0208,ingredient_0208,만가닥버섯,만가닥버섯,100g,19,89.9,2.5,0.34,0.94,6.34,0.37,3.4,1,0.51,83.0,348,2,0.0,0.05,0.0
nutrition_0209,ingredient_0209,새송이버섯,큰느타리버섯(새송이버섯),100g,20,89.6,2.91,0.19,0.7,6.56,0.33,3.2,1,0.35,92.0,299,5,0.0,0.04,0.0
nutrition_0210,ingredient_0210,팽이버섯,팽이버섯,100g,21,89.0,2.48,0.52,0.92,7.08,0.37,3.8,1,1.1,83.0,364,3,0.0,0.04,0.0
nutrition_0211,ingredient_0211,표고버섯,표고버섯,100g,26,86.2,4.44,0.32,1.01,8.03,0.4,4.9,2,0.37,132.0,356,2,0.0,0.05,0.0
nutrition_0212,ingredient_0212,가지,가지,100g,19.00,93.9,1.13,0.03,0.58,4.36,2.32,2.7,16.00,0.26,35.0,232.000,0.00,0.0,0.0,0.03
nutrition_0213,ingredient_0213,고수,고수(향채),100g,33,87.9,4.6,0.2,1.7,5.6,,,46,21.4,26.0,299,5,,,
nutrition_0214,ingredient_0214,고추,고추,100g,21.00,92.9,2.6,0.1,0.6,3.8,,,39.00,8.5,61.0,,,,,
nutrition_0215,ingredient_0215,깻잎,들깨,100g,47.00,84.3,4.46,0.5,1.85,8.89,0.0,5.7,296.000,1.91,83.0,421.000,1.00,0.0,0.0,0.14
nutrition_0216,ingredient_0216,냉이,냉이,100g,37.00,87.7,3.81,0.42,1.37,6.74,0.77,4.5,322.000,9.49,81.0,332.000,8.00,0.0,0.0,0.07
nutrition_0217,ingredient_0217,단호박,호박,100g,57.0,83.6,1.19,0.65,0.93,13.63,4.74,5.0,12.0,0.36,37.0,419.0,0.0,0.0,0.0,0.12
nutrition_0218,ingredient_0218,달래,달래,100g,56.00,83.0,2.35,0.31,0.94,13.41,2.83,2.9,83.00,1.78,45.0,316.000,4.00,0.0,0.0,0.06
nutrition_0219,ingredient_0219,당근,당근,100g,31.00,91.1,1.02,0.13,0.72,7.03,6.23,3.1,24.00,0.28,42.0,299.000,23.00,0.0,0.0,0.03
nutrition_0220,ingredient_0220,더덕,더덕,100g,80.00,78.7,2.28,0.76,0.69,17.58,4.86,8.2,30.00,0.74,75.0,226.000,0.00,0.0,0.0,0.03
nutrition_0221,ingredient_0221,도라지,도라지,100g,65.00,82.0,2.01,0.15,0.74,15.15,1.14,4.2,40.00,0.32,67.0,231.000,3.00,0.0,0.0,0.03
nutrition_0222,ingredient_0222,돌나물,돌나물,100g,15,94.7,1.19,0.08,0.8,3.23,0.0,1.0,190,0.77,19.0,198,0,0.0,0.02,0.0
nutrition_0223,ingredient_0223,두릅,두릅,100g,25.00,91.4,2.4,0.22,1.19,4.79,0.81,4.4,80.00,8.0,67.0,456.000,2.00,0.0,0.0,0.07
nutrition_0224,ingredient_0224,로메인,상추,100g,18.00,94.1,1.66,0.31,0.86,3.11,0.5,1.9,103.000,0.51,30.0,245.000,10.00,0.0,0.0,0.04
nutrition_0225,ingredient_0225,루꼴라,루꼴라,100g,26.00,90.8,3.17,0.43,1.39,4.2,0.97,1.3,159.000,1.5,57.0,524.000,13.00,0.0,0.0,0.06
nutrition_0226,ingredient_0226,마늘,마늘,100g,99.00,72.8,5.0,0.27,1.38,20.55,2.11,3.0,9.00,0.6,120.0,410.000,199.000,0.0,0.0,0.05
nutrition_0227,ingredient_0227,머위,머위,100g,17.00,93.5,2.31,0.14,1.31,2.74,0.07,2.7,103.000,1.05,50.0,530.000,2.00,0.0,0.0,0.03
nutrition_0228,ingredient_0228,무,무,100g,21.00,93.8,0.77,0.15,0.55,4.72,2.96,1.1,22.00,0.16,33.0,279.000,13.00,0.0,0.0,0.02
nutrition_0229,ingredient_0229,미나리,미나리,100g,120.000,65.8,0.36,0.0,0.36,33.48,28.49,1.4,31.00,0.11,24.0,124.000,6.00,0.0,0.0,0.0
nutrition_0230,ingredient_0230,배추,배추,100g,15.00,94.7,1.25,0.06,0.66,3.32,1.71,1.3,52.00,0.36,41.0,262.000,8.00,0.0,0.0,0.01
nutrition_0231,ingredient_0231,부추,부추,100g,46.00,86.1,1.2,0.1,0.7,11.9,,,107.000,3.1,45.0,251.000,2.00,,,
nutrition_0232,ingredient_0232,브로콜리,브로콜리,100g,32.00,89.4,3.08,0.2,1.0,6.32,0.79,3.1,39.00,0.8,68.0,365.000,3.00,0.0,0.0,0.08
nutrition_0233,ingredient_0233,상추,상추,100g,14.00,95.5,1.1,0.3,0.7,2.4,,,41.00,1.5,20.0,379.000,5.00,,,
nutrition_0234,ingredient_0234,생강,생강,100g,42.00,88.2,0.97,0.15,0.86,9.82,0.45,2.6,18.00,0.95,33.0,337.000,4.00,0.0,0.0,0.06
nutrition_0235,ingredient_0235,숙주나물,숙주나물,100g,13,95.6,1.73,0.05,0.28,2.34,0.0,1.7,13,0.22,27.0,84,4,0.0,0.03,0.0
nutrition_0236,ingredient_0236,시금치,시금치,100g,29.00,89.6,3.35,0.39,1.79,4.86,0.4,3.1,66.00,2.49,75.0,691.000,23.00,0.0,0.0,0.09
nutrition_0237,ingredient_0237,쑥갓,쑥갓,100g,15.00,94.6,1.93,0.17,0.95,2.35,0.0,2.4,91.00,0.79,36.0,239.000,145.000,0.0,0.0,0.04
nutrition_0238,ingredient_0238,아스파라거스,아스파라거스,100g,17.00,94.5,2.02,0.34,0.61,2.53,1.35,1.7,11.00,0.47,55.0,293.000,3.00,0.0,0.0,0.05
nutrition_0239,ingredient_0239,애호박,채소가공품,100g,16.00,,1.2,0.2,,3.3,0.0,,,,,,6.00,,0.0,0.0
nutrition_0240,ingredient_0240,양배추,양배추,100g,29.00,91.0,1.36,0.12,0.58,6.98,4.4,2.5,45.00,0.22,32.0,252.000,9.00,0.0,0.0,0.03
nutrition_0241,ingredient_0241,양상추,상추,100g,14,95.6,0.72,0.08,0.26,3.37,1.77,1.5,26,0.35,22.0,155,4,0.0,0.01,0.0
nutrition_0242,ingredient_0242,양파,양파,100g,29.00,92.0,0.96,0.17,0.33,6.52,4.71,1.6,16.00,0.2,27.0,148.000,2.00,0.0,0.0,0.01
nutrition_0243,ingredient_0243,연근,연근,100g,75.00,80.0,1.63,0.07,1.02,17.28,1.81,3.3,28.00,0.8,75.0,478.000,21.00,0.0,0.0,0.02
nutrition_0244,ingredient_0244,열무,열무,100g,14.00,94.8,1.86,0.22,0.98,2.18,0.38,1.8,127.000,1.13,41.0,329.000,73.00,0.0,0.0,0.04
nutrition_0245,ingredient_0245,오이,오이,100g,13.00,95.7,1.06,0.05,0.43,2.79,1.51,0.6,18.00,0.2,39.0,196.000,3.00,0.0,0.0,0.01
nutrition_0246,ingredient_0246,우엉,우엉,100g,69.00,81.0,2.61,0.06,1.04,15.29,2.87,4.6,46.00,0.8,87.0,406.000,6.00,0.0,0.0,0.02
nutrition_0247,ingredient_0247,인삼,인삼,100g,316.000,10.1,15.7,0.5,3.9,69.8,,,227.000,33.5,385.0,,,,,
nutrition_0248,ingredient_0248,죽순,죽순,100g,24.00,91.6,3.48,0.22,0.93,3.77,1.11,2.8,14.00,0.39,66.0,468.000,0.00,0.0,0.0,0.07
nutrition_0249,ingredient_0249,참나물,참나물,100g,20,92.8,1.58,0.19,1.34,4.09,0.0,2.6,57,1.38,48.0,582,18,0.0,0.04,0.0
nutrition_0250,ingredient_0250,청경채,청경채,100g,10.00,95.9,1.41,0.09,0.96,1.64,0.0,1.2,87.00,0.38,40.0,366.000,17.00,0.0,0.0,0.02
nutrition_0251,ingredient_0251,치커리,치커리,100g,72.00,80.0,1.4,0.2,0.89,17.51,8.73,1.5,41.00,0.8,61.0,290.000,50.00,0.0,0.0,0.05
nutrition_0252,ingredient_0252,케일,케일,100g,26.00,89.9,3.11,0.24,2.14,4.61,0.0,3.2,328.000,0.81,61.0,594.000,47.00,0.0,0.0,0.05
nutrition_0253,ingredient_0253,콩나물,콩나물,100g,43.00,90.1,4.66,1.19,0.64,3.44,0.47,2.2,41.00,0.63,79.0,218.000,3.00,0.0,0.0,0.23
nutrition_0254,ingredient_0254,토란,토란,100g,71.00,80.8,2.08,0.14,1.21,15.77,0.0,2.8,11.00,0.59,55.0,520.000,2.00,0.0,0.0,0.05
nutrition_0255,ingredient_0255,토란대,토란대,100g,16.00,94.6,0.28,0.05,0.82,4.25,1.52,1.3,65.00,0.35,21.0,430.000,1.00,0.0,0.0,0.02
nutrition_0256,ingredient_0256,토마토,토마토,100g,19.00,93.9,1.03,0.18,0.63,4.26,2.37,2.6,9.00,0.19,29.0,250.000,2.00,0.0,0.0,0.04
nutrition_0257,ingredient_0257,파,파,100g,29.00,91.4,1.2,0.2,0.5,6.7,,,25.00,1.0,26.0,239.000,17.00,,,
nutrition_0258,ingredient_0258,파프리카,파프리카(착색단고추),100g,24,92.4,1.02,0.12,0.58,5.88,5.26,1.3,7,0.51,22.0,269,0,0.0,0.04,0.0
nutrition_0259,ingredient_0259,호박,호박,100g,38.00,89.7,4.5,1.7,0.5,3.6,,,5.00,0.7,148.0,130.000,4.00,,,
nutrition_0260,ingredient_0260,꽃게,게류,100g,77.00,80.6,16.19,0.7,2.08,0.43,0.41,0.0,127.000,0.74,137.0,216.000,418.000,0.0,30.36,0.17
nutrition_0261,ingredient_0261,대게,게류,100g,85,79.7,17.4,1.0,1.4,0.5,0.5,0.0,158,0.5,114.0,,,,,
nutrition_0262,ingredient_0262,대하,새우류,100g,82,80.0,18.1,0.6,1.2,0.1,0.1,0.0,74,1.4,210.0,,,,,
nutrition_0263,ingredient_0263,새우,새우류,100g,109,75.9,21.17,0.89,0.33,0.0,,0.0,49,0.89,241.0,330,122,,0.25,0.01
nutrition_0264,ingredient_0264,홍게,게류,100g,48,87.0,10.5,0.3,1.9,0.3,0.3,0.0,211,1.5,312.0,,,,,
nutrition_0265,ingredient_0265,해삼,해삼,100g,25,91.2,4.4,0.3,3.3,0.8,0.8,0.0,83,1.26,62.0,,,,,
nutrition_0266,ingredient_0266,가자미,가자미류,100g,143,72.3,22.1,3.7,1.6,0.3,,,40,0.7,196.0,377,230,,,
nutrition_0267,ingredient_0267,감성돔,돔류,100g,101,76.7,18.8,2.3,2.1,0.1,0.1,0.0,24,1.15,197.0,,,,0.64,
nutrition_0268,ingredient_0268,고등어,고등어류,100g,183,68.1,20.2,10.4,1.3,0.0,0.0,0.0,26,1.6,232.0,,,,,
nutrition_0269,ingredient_0269,농어,농어류,100g,92,78.5,19.42,1.09,1.04,0.0,,,,,,,,,,
nutrition_0270,ingredient_0270,대구,대구류,100g,90,80.5,18.2,0.43,1.37,0.0,0.0,0.0,33,1.17,219.0,403,97,,0.16,0.0
nutrition_0271,ingredient_0271,도다리,도다리류,100g,86,79.4,19.52,0.36,0.84,0.0,,,7,0.08,184.0,202,67,48.97,0.12,
nutrition_0272,ingredient_0272,동태,명태,100g,80,82.3,15.9,0.5,1.2,0.1,,,48,0.2,200.0,238,210,,,
nutrition_0273,ingredient_0273,메기,메기,100g,98,79.8,16.89,2.81,1.06,0.0,,,,,,,,,,
nutrition_0274,ingredient_0274,명태,명태,100g,80.00,82.3,15.9,0.5,1.2,0.1,,,48.00,0.2,200.0,238.000,210.000,,,
nutrition_0275,ingredient_0275,미꾸라지,기름종개류,100g,144,73.2,17.08,7.44,1.92,0.35,,,,,,,,,,
nutrition_0276,ingredient_0276,민물장어,장어류,100g,233,63.3,18.46,15.73,0.66,1.81,,,,,,,,,,
nutrition_0277,ingredient_0277,민어,민어,100g,89,78.8,14.31,1.21,1.52,4.16,,,,,,,,,,
nutrition_0278,ingredient_0278,방어,방어류,100g,142,72.3,20.99,5.64,1.97,0.0,,,,,,,,,,
nutrition_0279,ingredient_0279,밴댕이,밴댕이,100g,225.000,65.8,16.3,16.5,1.2,0.2,,,175.000,1.9,183.0,,,,,
nutrition_0280,ingredient_0280,뱀장어,장어류,100g,233,63.3,18.46,15.73,0.66,1.81,,,,,,,,,,
nutrition_0281,ingredient_0281,병어,병어,100g,95,78.7,18.07,1.5,0.68,1.07,,,16,0.24,225.0,386,121,35.32,0.46,0.0
nutrition_0282,ingredient_0283,붕장어,장어류,100g,110,77.7,19.23,3.07,1.23,0.0,,,,,,,,,,
nutrition_0283,ingredient_0284,삼치,삼치류,100g,124,76.0,20.08,2.93,2.05,0.0,0.0,0.0,5,0.1,211.0,387,39,,0.75,0.03
nutrition_0284,ingredient_0285,서대,서대류,100g,84,79.1,18.6,0.4,1.4,0.5,0.5,0.0,19,1.02,208.0,,,,0.13,
nutrition_0285,ingredient_0286,송어,송어류,100g,166,69.7,20.6,8.28,1.58,0.31,,,97,3.4,1971.0,3480,282,56.69,1.59,0.01
nutrition_0286,ingredient_0287,숭어,숭어류,100g,119,74.1,21.7,1.5,2.3,0.4,,0.0,42,1.0,217.0,,,,,
nutrition_0287,ingredient_0288,아귀,아귀류,100g,63,84.0,14.1,0.2,1.2,0.5,0.5,0.0,10,2.51,150.0,,,,,
nutrition_0288,ingredient_0289,임연수어,임연수어,100g,161,72.9,17.56,9.23,1.31,0.0,,,6,0.37,212.0,320,75,10.92,1.54,0.01
nutrition_0289,ingredient_0290,전갱이,전갱이류,100g,148,72.6,20.7,4.8,1.8,0.1,,0.0,24,0.9,208.0,,,,,
nutrition_0290,ingredient_0291,조피볼락,볼락류,100g,102,76.8,18.41,2.26,1.24,0.0,0.0,0.0,44,0.44,243.0,435,47,,0.56,0.03
nutrition_0291,ingredient_0292,참다랑어,다랑어류,100g,196,67.1,23.99,8.09,0.81,0.0,,0.0,27,1.98,235.0,332,62,,3.05,0.14
nutrition_0292,ingredient_0293,참돔,돔류,100g,98,77.3,20.73,1.16,1.25,0.0,,,,,,,,,,
nutrition_0293,ingredient_0294,참조기,조기류,100g,131,76.3,19.02,4.04,1.3,0.0,0.0,0.0,19,0.43,158.0,329,51,,1.11,0.06
nutrition_0294,ingredient_0295,청어,청어,100g,177,70.5,17.6,10.96,1.22,0.0,,,,,,,,,,
nutrition_0295,ingredient_0296,홍어,홍어류,100g,120,76.2,25.75,1.23,1.2,0.0,,,,,,,,,,
nutrition_0296,ingredient_0297,가리비관자,원재료성 수산가공품,100g,106.000,,10.0,10.0,,0.0,0.0,,,,,,10.00,,20.0,5.0
nutrition_0297,ingredient_0298,가쓰오부시,조미건어포,100g,360.000,,74.0,7.0,,0.0,0.0,,,,,,140.000,,0.0,3.0
nutrition_0298,ingredient_0299,각시수염고둥,골뱅이,100g,76.00,72.0,15.0,0.0,1.86,4.0,3.78,0.0,31.00,0.95,96.0,82.00,480.000,0.0,0.0,55.0
nutrition_0299,ingredient_0300,건새우,기타 수산가공품,100g,204.0,,44.2,2.8,,0.5,0.0,,,,,,4950.0,,0.0,0.8
nutrition_0300,ingredient_0301,과메기,꽁치,100g,421,35.5,32.1,29.9,1.6,0.9,,,90,2.7,,,,,,
nutrition_0301,ingredient_0302,굴비,기타 수산가공품,100g,332.000,,44.4,15.1,,0.4,0.0,,,,,,412.000,,0.0,0.0
nutrition_0302,ingredient_0303,날치알,원재료성 수산가공품,100g,95.0,,11.0,3.0,,7.0,2.0,,,,,,660.0,,280.0,1.4
nutrition_0303,ingredient_0304,냉동새우,원재료성 수산가공품,100g,59.00,,11.87,0.62,,0.73,0.22,,,,,,697.000,,110.6,0.18
nutrition_0304,ingredient_0305,마른오징어,조미건어포,100g,310.000,,47.0,1.8,,26.0,20.0,,,,,,"1,080.000",,160.0,1.0
nutrition_0305,ingredient_0306,멸치,멸치,100g,310,22.5,60.29,5.42,10.83,0.99,,,1857,5.77,1564.0,1039,1455,153.64,1.09,0.01
nutrition_0306,ingredient_0307,명엽채,조미건어포,100g,301.000,18.0,7.71,0.68,7.61,65.99,32.58,3.3,229.000,0.56,603.0,42.00,"2,794.000",0.0,0.0,2.29
nutrition_0307,ingredient_0308,북어,명태,100g,339,18.3,73.18,3.09,5.14,0.32,0.0,,281,1.25,700.0,1154,464,,0.78,0.04
nutrition_0308,ingredient_0309,어묵,어묵,100g,112.000,70.6,10.8,0.8,2.6,15.2,,,218.000,0.8,199.0,108.000,792.000,,,
nutrition_0309,ingredient_0310,연어,연어,100g,195.000,63.95,21.18,12.08,2.4,0.39,0.2,0.0,13.00,0.2,214.0,376.000,591.000,4.98,45.14,2.13
nutrition_0310,ingredient_0311,쥐치포,쥐치류,100g,376,15.0,41.8,2.3,6.6,34.3,,,126,4.7,235.0,503,1504,,,
nutrition_0311,ingredient_0312,크래미,어묵,100g,144.0,75.2,6.77,1.5,2.77,25.4,3.4,0.0,288.0,0.18,124.0,73.0,610.0,0.0,4.24,0.0
nutrition_0312,ingredient_0313,해물믹스,원재료성 수산가공품,100g,52.00,,8.9,1.3,,1.1,0.0,,,,,,134.000,,85.0,0.3
nutrition_0313,ingredient_0314,황태,명태,100g,339,18.3,73.18,3.09,5.14,0.32,0.0,,281,1.25,700.0,1154,464,,0.78,0.04
nutrition_0314,ingredient_0315,황태채,조미건어포,100g,330.000,,74.5,2.2,,3.1,1.5,,,,,,550.000,,390.0,0.6
nutrition_0315,ingredient_0316,훈제연어,연어,100g,195.000,63.95,21.18,12.08,2.4,0.39,0.2,0.0,13.00,0.2,214.0,376.000,591.000,4.98,45.14,2.13
nutrition_0316,ingredient_0317,갑오징어,갑오징어류,100g,84,80.6,17.3,0.2,1.7,0.2,,,13,0.4,281.0,,,,,
nutrition_0317,ingredient_0318,낙지,문어류,100g,81,80.7,16.3,0.43,2.19,0.0,0.2,0.0,26,1.48,166.0,237,479,,0.16,0.01
nutrition_0318,ingredient_0319,문어,문어류,100g,78,81.1,16.4,0.7,1.7,0.1,,0.0,16,0.6,160.0,290,280,,0.07,
nutrition_0319,ingredient_0320,오징어,오징어류,100g,98,76.4,19.58,1.03,1.68,1.34,,,,,,,,,,
nutrition_0320,ingredient_0321,한치,오징어류,100g,90,81.3,14.9,1.8,1.7,0.3,,,12,0.4,267.0,113,258,,,
nutrition_0321,ingredient_0322,굴,굴류,100g,51,87.3,6.08,1.17,1.94,3.51,,,,,,,,,,
nutrition_0322,ingredient_0323,꼬막,꼬막류,100g,97,78.6,12.88,2.3,1.04,5.16,,,100,11.19,132.0,198,211,68.9,0.37,
nutrition_0323,ingredient_0324,다슬기,다슬기류,100g,93,76.5,12.02,1.47,3.12,6.86,,,,,,,,,,
nutrition_0324,ingredient_0325,멍게,멍게류,100g,44,87.7,6.7,0.6,3.4,1.6,,,49,16.4,94.0,,,,,
nutrition_0325,ingredient_0326,바지락,바지락,100g,82,80.4,12.27,0.93,3.2,3.2,0.75,0.0,70,2.68,129.0,121,383,,0.23,0.03
nutrition_0326,ingredient_0327,재첩,재첩,100g,94,77.5,12.5,1.9,2.3,5.8,5.8,0.0,181,21.0,213.0,,,,,
nutrition_0327,ingredient_0328,전복,전복류,100g,84,81.5,10.69,2.97,2.19,2.7,,,,,,,,,,
nutrition_0328,ingredient_0329,조개,바지락,100g,101.000,76.9,11.94,1.74,1.16,8.28,,,,,,,,,,
nutrition_0329,ingredient_0330,키조개,키조개,100g,57,86.5,10.3,1.1,1.3,0.8,0.8,0.0,38,8.2,128.0,,,,,
nutrition_0330,ingredient_0331,홍가리비,가리비류,100g,89,81.6,15.18,1.73,1.69,0.0,0.22,0.0,65,2.95,110.0,221,735,,0.19,0.02
nutrition_0331,ingredient_0332,건다시마,기타 수산가공품,100g,167.000,,6.0,1.0,,30.0,0.0,,,,,,"1,900.000",,0.0,0.0
nutrition_0332,ingredient_0333,건미역,원재료성 수산가공품,100g,190.000,,13.5,1.7,,40.1,0.0,,,,,,"5,375.000",,0.0,0.0
nutrition_0333,ingredient_0334,김,김류,100g,12,90.5,3.3,0.4,3.8,2.0,1.7,0.3,490,4.5,474.0,,,,,
nutrition_0334,ingredient_0335,다시마,다시마류,100g,12,91.0,1.1,0.2,3.5,4.2,3.6,0.6,103,2.4,23.0,,,,,
nutrition_0335,ingredient_0336,돌김,김,100g,550.000,,20.0,45.0,,25.0,0.0,,,,,,"2,000.000",,10.0,5.0
nutrition_0336,ingredient_0337,매생이,매생이,100g,43,84.3,3.88,3.29,0.34,8.19,0.07,6.5,91,18.3,97.0,263,104,,0.13,0.11
nutrition_0337,ingredient_0338,미역,미역류,100g,14,91.3,1.96,0.18,2.11,4.45,,,,,,,,,,
nutrition_0338,ingredient_0339,파래,파래류,100g,17.0,88.8,2.71,0.28,3.23,4.94,,,,,,,,,,
nutrition_0339,ingredient_0340,달걀,달걀,100g,136.000,77.1,12.91,8.25,0.95,0.79,0.11,0.0,47.00,1.92,173.0,127.000,139.000,1.04,303.31,2.58
nutrition_0340,ingredient_0341,메추리알,메추리알,100g,146.000,75.4,12.8,9.02,1.1,1.66,0.0,0.0,59.00,2.49,222.0,154.000,137.000,1.78,400.96,2.85
nutrition_0341,ingredient_0342,닭가슴살,닭고기,100g,106.0,76.2,22.97,0.97,1.13,0.0,0.0,0.0,4.0,0.28,251.0,371.0,45.0,0.0,56.11,0.37
nutrition_0342,ingredient_0343,닭고기,닭고기,100g,109.000,73.4,23.69,1.57,1.17,0.14,0.0,0.1,4.00,0.36,173.0,129.000,332.000,0.0,83.9,0.56
nutrition_0343,ingredient_0344,닭날개,양념육,100g,200.000,,14.0,13.0,,8.0,2.0,,,,,,560.000,,90.0,3.1
nutrition_0344,ingredient_0345,닭다리살,닭고기,100g,109.000,73.4,23.69,1.57,1.17,0.14,0.0,0.1,4.00,0.36,173.0,129.000,332.000,0.0,83.9,0.56
nutrition_0345,ingredient_0346,닭안심,양념육,100g,94.00,,21.9,0.7,,0.1,0.0,,,,,,215.000,,56.7,0.2
nutrition_0346,ingredient_0347,오리,오리고기,100g,249.000,64.6,16.63,18.99,0.72,0.0,0.0,0.0,16.00,1.56,155.0,215.000,70.00,1.97,91.45,6.17
nutrition_0347,ingredient_0348,돼지갈비,양념육,100g,158.000,,15.0,7.0,,10.0,4.0,,,,,,355.000,,40.0,1.4
nutrition_0348,ingredient_0349,돼지고기,돼지고기,100g,203,66.5,19.45,12.84,0.97,0.0,0.0,0.0,6,0.6,186.0,318,50,63.17,4.84,0.07
nutrition_0349,ingredient_0350,돼지등갈비,양념육,100g,100.000,,1.1,11.8,,0.0,0.0,,,,,,4.00,,62.9,11.5
nutrition_0350,ingredient_0351,돼지목살,기타 식육가공품,100g,222.000,,24.9,12.7,,0.0,0.0,,,,,,77.00,,83.0,5.0
nutrition_0351,ingredient_0352,돼지삼겹살,돼지고기,100g,372.0,52.2,13.9,33.31,0.73,0.0,0.0,0.0,8.0,0.49,147.0,239.0,56.0,0.71,69.73,13.27
nutrition_0352,ingredient_0353,돼지항정살,돼지고기,100g,307.0,57.6,17.98,24.52,0.86,0.0,0.0,0.0,4.0,0.39,152.0,282.0,50.0,0.86,63.25,5.74
nutrition_0353,ingredient_0354,등심,소고기,100g,313,55.3,15.61,26.3,0.69,0.0,0.0,0.0,11,2.24,147.0,241,56,78.96,10.83,0.78
nutrition_0354,ingredient_0355,소고기,소고기,100g,269,60.1,17.88,20.6,0.78,0.0,0.0,0.0,5,2.65,150.0,267,51,60.68,6.11,0.35
nutrition_0355,ingredient_0356,소부채살,소고기,100g,285.0,59.3,17.02,22.64,0.72,0.0,0.0,0.0,4.0,2.56,138.0,239.0,51.0,0.0,60.3,7.48
nutrition_0356,ingredient_0357,소살치살,소고기,100g,319,55.9,16.68,26.39,0.74,0.0,0.0,0.0,3,2.54,144.0,232,47,72.27,8.89,0.44
nutrition_0357,ingredient_0358,소안심,소고기,100g,268.0,63.8,17.4,20.63,0.65,0.0,0.0,0.0,4.0,2.67,151.0,268.0,42.0,0.0,56.45,7.61
nutrition_0358,ingredient_0359,소우둔살,소고기,100g,166,69.0,23.08,7.29,0.96,0.0,0.0,0.0,5,2.67,198.0,327,51,58.34,3.05,0.14
nutrition_0359,ingredient_0360,소채끝살,소고기,100g,126,76.2,17.1,5.6,0.9,0.2,,,11,2.2,111.0,261,63,,,
nutrition_0360,ingredient_0361,소홍두깨살,소고기,100g,146,71.4,22.66,5.38,1.04,0.0,0.0,0.0,5,2.21,211.0,367,46,51.94,2.2,0.11
nutrition_0361,ingredient_0362,육우차돌박이,소고기,100g,408,47.4,16.45,35.94,0.55,0.0,0.0,0.0,7,1.43,106.0,171,66,90.45,12.18,0.69
nutrition_0362,ingredient_0363,한우양지,양념육,100g,213.000,,25.04,12.31,,0.45,0.0,,,,,,22.00,,59.29,4.53
nutrition_0363,ingredient_0364,가염버터,버터,100g,777.000,16.1,0.85,81.1,2.11,0.06,0.06,0.0,24.00,0.02,24.0,24.00,643.000,0.0,215.0,51.4
nutrition_0364,ingredient_0365,그라다파다노치즈,치즈,100g,393.000,,33.0,29.0,,0.0,0.0,,,,,,590.000,,98.3,18.0
nutrition_0365,ingredient_0366,리코타치즈,치즈,100g,159.000,72.9,7.1,11.5,1.7,6.7,,0.0,340.000,0.1,200.0,210.000,160.000,0.0,57.0,
nutrition_0366,ingredient_0367,마스카포네치즈,치즈,100g,395.000,,4.0,41.0,,2.5,2.5,,,,,,80.00,,0.0,29.0
nutrition_0367,ingredient_0368,모짜렐라치즈,치즈,100g,236.000,61.4,17.34,16.49,1.59,3.15,1.06,0.0,365.000,0.07,273.0,50.00,243.000,0.0,53.86,11.11
nutrition_0368,ingredient_0369,무염버터,버터,100g,749.000,15.3,0.73,82.22,0.26,1.22,1.11,0.0,16.00,0.03,19.0,29.00,13.00,0.0,266.67,60.0
nutrition_0369,ingredient_0370,사워크림,농후발효유,100mL,185.000,,3.0,16.0,,7.0,3.0,,,,,,35.00,,10.0,9.0
nutrition_0370,ingredient_0371,생크림,유크림,100mL,378.000,54.9,2.0,38.0,0.24,7.0,2.0,0.0,63.00,0.04,57.0,91.00,25.00,0.0,100.0,23.0
nutrition_0371,ingredient_0372,슈레드피자치즈,치즈,100g,280.000,,24.0,19.0,,4.0,1.0,,,,,,324.000,,67.0,14.0
nutrition_0372,ingredient_0373,스트링치즈,치즈,100g,236.000,61.4,17.34,16.49,1.59,3.15,1.06,0.0,365.000,0.07,273.0,50.00,243.000,0.0,53.86,11.11
nutrition_0373,ingredient_0374,연유,연유,100mL,378.000,74.5,2.0,38.0,1.09,7.0,3.0,0.0,165.000,0.28,158.0,226.000,25.00,6.96,100.0,23.0
nutrition_0374,ingredient_0375,요구르트,발효유,100mL,105.000,,1.5,0.0,,25.5,16.15,,,,,,23.00,,0.0,0.0
nutrition_0375,ingredient_0376,우유,우유,100g,67.0,87.6,3.09,3.85,0.65,4.86,4.81,0.0,118.0,0.03,104.0,162.0,40.0,0.0,10.13,2.17
nutrition_0376,ingredient_0377,체다치즈,치즈,100g,298.000,49.3,18.76,21.3,4.47,6.17,0.24,0.0,626.000,0.09,857.0,62.00,928.000,0.0,64.62,14.46
nutrition_0377,ingredient_0378,크림치즈,기타 소스류,100g,140.000,,15.0,5.0,,15.0,5.0,,,,,,"1,466.000",,2.0,2.0
nutrition_0378,ingredient_0379,파마산치즈,치즈,100g,385.000,22.65,13.0,12.0,7.18,56.0,13.0,0.0,853.000,0.49,627.0,180.000,"2,520.000",0.5,30.0,7.0
nutrition_0379,ingredient_0380,플레인요구르트,발효유,100mL,95.00,,3.0,2.8,,15.0,4.0,,,,,,50.00,,10.0,2.0
nutrition_0380,ingredient_0381,휘핑크림,유크림,100g,338.0,,2.4,35.1,,3.1,3.1,,,,,,32.0,,98.0,22.0
nutrition_0381,ingredient_0382,돈가스,돈가스,100g,280.000,50.7,13.85,17.94,1.65,15.89,4.99,0.3,34.00,0.96,188.0,224.000,343.000,0.0,26.48,3.16
nutrition_0382,ingredient_0383,떡갈비,떡갈비,100g,202.000,62.4,21.38,11.82,1.93,2.46,0.4,1.1,22.00,2.9,170.0,299.000,404.000,0.0,68.04,4.29
nutrition_0383,ingredient_0384,베이컨,베이컨,100g,266.000,58.5,16.58,21.6,2.17,1.2,1.14,0.0,6.00,0.54,206.0,222.000,662.000,0.58,54.69,8.01
nutrition_0384,ingredient_0385,소시지,소시지,100g,467.000,23.5,26.7,42.0,5.3,2.6,1.9,0.0,27.00,2.6,250.0,430.000,"1,700.000",0.5,95.0,15.61
nutrition_0385,ingredient_0386,순대,순대,100g,187.000,56.2,2.75,3.64,1.72,35.73,1.39,1.9,17.00,3.33,55.0,33.00,604.000,0.0,26.24,1.12
nutrition_0386,ingredient_0387,스팸,햄,100g,234.000,61.8,15.11,18.02,2.33,2.77,1.92,0.0,26.00,0.63,204.0,339.000,628.000,0.51,46.13,6.08
nutrition_0387,ingredient_0388,햄,햄,100g,234.000,61.8,15.11,18.02,2.33,2.77,1.92,0.0,26.00,0.63,204.0,339.000,628.000,0.51,46.13,6.08
nutrition_0388,ingredient_0389,훈제오리,햄,100g,319.000,50.6,17.22,25.63,1.73,4.83,0.11,0.5,15.00,0.0,249.0,199.000,488.000,,68.4,6.39
